Workbook

Sheet Summary
A1: Meridian Health Plans: Fraud and Leakage Case Report
A3: Key numbers
A4: Providers in this report | B4: =COUNTA('Case Report'!B4:B15) -> 12 | C4: Providers with at least one red flag or a Medium/High risk score
A5: High risk | B5: =COUNTIF('Case Report'!D4:D15,"High") -> 2
A6: Medium risk | B6: =COUNTIF('Case Report'!D4:D15,"Medium") -> 6
A7: Low risk (flagged by a rule) | B7: =COUNTIF('Case Report'!D4:D15,"Low") -> 4
A8: Total paid to these providers ($) | B8: ='Case Report'!G16 -> 141949.56 | C8: Paid amount on their claims in the data
A9: Estimated money at risk ($) | B9: ='Case Report'!R16 -> 42190.33 | C9: Estimate; see Method Notes. Not confirmed losses.
A10: Total paid, all claims in the data ($) | B10: 7526594 | C10: Input from the preprocessing reference totals (all providers, latest claim versions)
A11: Estimated money at risk as % of total paid | B11: =IFERROR(B9/B10,0) -> 0.005605501
A14: Main findings
A15: 1. P2086 is the strongest lead: bills about 7 units per line on procedure 97110 against about 3 for peers, and all claims received before the service date belong to this provider.
A16: 2. P2174 (hospital) bills imaging at about 2.9x the price per unit of other hospitals, but allowed amounts are not higher, so the issue is inflated charges rather than overpayment.
A17: 3. Seven providers have denial rates of 55-76%, mostly under one denial code. See Denial Detail.
A18: 4. P2104 has most of the possible duplicate-billing claims. See Duplicates.
A19: 5. Every item is a lead for investigation. Peer groups use place of service; they should be re-checked with provider type and specialty.
A21: Sheets: Case Report (main table), Early Claims, Units Detail, Duplicates, Pricing Detail, Denial Detail, Method Notes.

Sheet Case Report
A1: Suspicious Provider Case Report
A3: Rank | B3: Provider ID | C3: Peer group | D3: Risk level | E3: Risk score (0-100) | F3: Claims | G3: Total paid ($) | H3: Avg billed per claim ($) | I3: Peer median avg billed ($) | J3: Billed vs peers (x) | K3: Denial rate | L3: Peer median denial rate | M3: Claims received before service | N3: Possible duplicate claims | O3: Paid on early-received claims ($) | P3: Excess-unit paid, other claims ($) | Q3: Paid on duplicate copies ($) | R3: Est. money at risk ($) | S3: Main issue
A4: 1 | B4: P2086 | C4: 11 - Office | D4: High | E4: 70 | F4: 143 | G4: 70953.97 | H4: 1294.3533 | I4: 605.2345 | J4: =IFERROR(H4/I4,"") -> 2.138598 | K4: 0.014 | L4: 0.0333 | M4: =COUNTIF('Early Claims'!$A:$A,B4) -> 30 | N4: =COUNTIF(Duplicates!$A:$A,B4) -> 0 | O4: =SUMIFS('Early Claims'!$H:$H,'Early Claims'!$A:$A,B4) -> 15426.98 | P4: 25141.7 | Q4: =SUMIFS(Duplicates!$G:$G,Duplicates!$A:$A,B4,Duplicates!$K:$K,1) -> 0 | R4: =O4+P4+Q4 -> 40568.68 | S4: High billing / High units / Received before service
A5: 2 | B5: P2174 | C5: 22 - Outpatient Hospital | D5: High | E5: 42.1 | F5: 76 | G5: 7134.68 | H5: 2222.3692 | I5: 837.7214 | J5: =IFERROR(H5/I5,"") -> 2.6528739 | K5: 0.5658 | L5: 0.0935 | M5: =COUNTIF('Early Claims'!$A:$A,B5) -> 0 | N5: =COUNTIF(Duplicates!$A:$A,B5) -> 0 | O5: =SUMIFS('Early Claims'!$H:$H,'Early Claims'!$A:$A,B5) -> 0 | P5: 0 | Q5: =SUMIFS(Duplicates!$G:$G,Duplicates!$A:$A,B5,Duplicates!$K:$K,1) -> 0 | R5: =O5+P5+Q5 -> 0 | S5: High billing / Inflated charges
A6: 3 | B6: P2134 | C6: 11 - Office | D6: Medium | E6: 36.9 | F6: 33 | G6: 1287.96 | H6: 936.537 | I6: 605.2345 | J6: =IFERROR(H6/I6,"") -> 1.5473953 | K6: 0.697 | L6: 0.0333 | M6: =COUNTIF('Early Claims'!$A:$A,B6) -> 0 | N6: =COUNTIF(Duplicates!$A:$A,B6) -> 0 | O6: =SUMIFS('Early Claims'!$H:$H,'Early Claims'!$A:$A,B6) -> 0 | P6: 0 | Q6: =SUMIFS(Duplicates!$G:$G,Duplicates!$A:$A,B6,Duplicates!$K:$K,1) -> 0 | R6: =O6+P6+Q6 -> 0 | S6: High denial rate
A7: 4 | B7: P2119 | C7: 11 - Office | D7: Medium | E7: 30.3 | F7: 24 | G7: 1878.31 | H7: 1138.94 | I7: 605.2345 | J7: =IFERROR(H7/I7,"") -> 1.8818161 | K7: 0.5833 | L7: 0.0333 | M7: =COUNTIF('Early Claims'!$A:$A,B7) -> 0 | N7: =COUNTIF(Duplicates!$A:$A,B7) -> 0 | O7: =SUMIFS('Early Claims'!$H:$H,'Early Claims'!$A:$A,B7) -> 0 | P7: 0 | Q7: =SUMIFS(Duplicates!$G:$G,Duplicates!$A:$A,B7,Duplicates!$K:$K,1) -> 0 | R7: =O7+P7+Q7 -> 0 | S7: High billing / High denial rate
A8: 5 | B8: P2166 | C8: 11 - Office | D8: Medium | E8: 27.6 | F8: 54 | G8: 4340.19 | H8: 1132.7061 | I8: 605.2345 | J8: =IFERROR(H8/I8,"") -> 1.8715161 | K8: 0.463 | L8: 0.0333 | M8: =COUNTIF('Early Claims'!$A:$A,B8) -> 0 | N8: =COUNTIF(Duplicates!$A:$A,B8) -> 0 | O8: =SUMIFS('Early Claims'!$H:$H,'Early Claims'!$A:$A,B8) -> 0 | P8: 0 | Q8: =SUMIFS(Duplicates!$G:$G,Duplicates!$A:$A,B8,Duplicates!$K:$K,1) -> 0 | R8: =O8+P8+Q8 -> 0 | S8: High billing
A9: 6 | B9: P2037 | C9: 81 - Independent Lab | D9: Medium | E9: 22.4 | F9: 107 | G9: 2050.99 | H9: 234.5367 | I9: 181.9458 | J9: =IFERROR(H9/I9,"") -> 1.2890471 | K9: 0.4766 | L9: 0.03745 | M9: =COUNTIF('Early Claims'!$A:$A,B9) -> 0 | N9: =COUNTIF(Duplicates!$A:$A,B9) -> 0 | O9: =SUMIFS('Early Claims'!$H:$H,'Early Claims'!$A:$A,B9) -> 0 | P9: 0 | Q9: =SUMIFS(Duplicates!$G:$G,Duplicates!$A:$A,B9,Duplicates!$K:$K,1) -> 0 | R9: =O9+P9+Q9 -> 0 | S9: Statistical outlier only
A10: 7 | B10: P2104 | C10: 11 - Office | D10: Medium | E10: 20.3 | F10: 162 | G10: 34808.15 | H10: 581.0296 | I10: 605.2345 | J10: =IFERROR(H10/I10,"") -> 0.9600074 | K10: 0.0802 | L10: 0.0333 | M10: =COUNTIF('Early Claims'!$A:$A,B10) -> 0 | N10: =COUNTIF(Duplicates!$A:$A,B10) -> 22 | O10: =SUMIFS('Early Claims'!$H:$H,'Early Claims'!$A:$A,B10) -> 0 | P10: 0 | Q10: =SUMIFS(Duplicates!$G:$G,Duplicates!$A:$A,B10,Duplicates!$K:$K,1) -> 1621.65 | R10: =O10+P10+Q10 -> 1621.65 | S10: Possible duplicates
A11: 8 | B11: P2210 | C11: 11 - Office | D11: Medium | E11: 20.3 | F11: 29 | G11: 570.84 | H11: 770.8766 | I11: 605.2345 | J11: =IFERROR(H11/I11,"") -> 1.2736825 | K11: 0.7586 | L11: 0.0333 | M11: =COUNTIF('Early Claims'!$A:$A,B11) -> 0 | N11: =COUNTIF(Duplicates!$A:$A,B11) -> 0 | O11: =SUMIFS('Early Claims'!$H:$H,'Early Claims'!$A:$A,B11) -> 0 | P11: 0 | Q11: =SUMIFS(Duplicates!$G:$G,Duplicates!$A:$A,B11,Duplicates!$K:$K,1) -> 0 | R11: =O11+P11+Q11 -> 0 | S11: High denial rate
A12: 9 | B12: P2140 | C12: 11 - Office | D12: Low | E12: 18.3 | F12: 78 | G12: 5441.31 | H12: 823.8245 | I12: 605.2345 | J12: =IFERROR(H12/I12,"") -> 1.3611658 | K12: 0.6282 | L12: 0.0333 | M12: =COUNTIF('Early Claims'!$A:$A,B12) -> 0 | N12: =COUNTIF(Duplicates!$A:$A,B12) -> 0 | O12: =SUMIFS('Early Claims'!$H:$H,'Early Claims'!$A:$A,B12) -> 0 | P12: 0 | Q12: =SUMIFS(Duplicates!$G:$G,Duplicates!$A:$A,B12,Duplicates!$K:$K,1) -> 0 | R12: =O12+P12+Q12 -> 0 | S12: High denial rate
A13: 10 | B13: P2144 | C13: 11 - Office | D13: Low | E13: 16.1 | F13: 70 | G13: 4716.51 | H13: 815.207 | I13: 605.2345 | J13: =IFERROR(H13/I13,"") -> 1.3469275 | K13: 0.5571 | L13: 0.0333 | M13: =COUNTIF('Early Claims'!$A:$A,B13) -> 0 | N13: =COUNTIF(Duplicates!$A:$A,B13) -> 0 | O13: =SUMIFS('Early Claims'!$H:$H,'Early Claims'!$A:$A,B13) -> 0 | P13: 0 | Q13: =SUMIFS(Duplicates!$G:$G,Duplicates!$A:$A,B13,Duplicates!$K:$K,1) -> 0 | R13: =O13+P13+Q13 -> 0 | S13: High denial rate
A14: 11 | B14: P2103 | C14: 11 - Office | D14: Low | E14: 15 | F14: 55 | G14: 3775.21 | H14: 739.4125 | I14: 605.2345 | J14: =IFERROR(H14/I14,"") -> 1.2216959 | K14: 0.6 | L14: 0.0333 | M14: =COUNTIF('Early Claims'!$A:$A,B14) -> 0 | N14: =COUNTIF(Duplicates!$A:$A,B14) -> 0 | O14: =SUMIFS('Early Claims'!$H:$H,'Early Claims'!$A:$A,B14) -> 0 | P14: 0 | Q14: =SUMIFS(Duplicates!$G:$G,Duplicates!$A:$A,B14,Duplicates!$K:$K,1) -> 0 | R14: =O14+P14+Q14 -> 0 | S14: High denial rate
A15: 12 | B15: P2006 | C15: 11 - Office | D15: Low | E15: 13.2 | F15: 85 | G15: 4991.44 | H15: 748.9675 | I15: 605.2345 | J15: =IFERROR(H15/I15,"") -> 1.2374832 | K15: 0.5529 | L15: 0.0333 | M15: =COUNTIF('Early Claims'!$A:$A,B15) -> 0 | N15: =COUNTIF(Duplicates!$A:$A,B15) -> 0 | O15: =SUMIFS('Early Claims'!$H:$H,'Early Claims'!$A:$A,B15) -> 0 | P15: 0 | Q15: =SUMIFS(Duplicates!$G:$G,Duplicates!$A:$A,B15,Duplicates!$K:$K,1) -> 0 | R15: =O15+P15+Q15 -> 0 | S15: High denial rate
A16: Total | F16: =SUM(F4:F15) -> 916 | G16: =SUM(G4:G15) -> 141949.56 | M16: =SUM(M4:M15) -> 30 | N16: =SUM(N4:N15) -> 22 | O16: =SUM(O4:O15) -> 15426.98 | P16: =SUM(P4:P15) -> 25141.7 | Q16: =SUM(Q4:Q15) -> 1621.65 | R16: =SUM(R4:R15) -> 42190.33
A18: Est. money at risk = paid on early-received claims + excess-unit paid on other claims + paid on duplicate copies (all copies after the first). It is an estimate, only filled in where a clear pattern exists; see Method Notes.

Sheet Early Claims
A1: Claims received before the service date
A2: All claims in the data where received date is earlier than service start date. A claim cannot normally be billed before the service happens.
A4: Provider ID | B4: Claim ID | C4: Member ID | D4: Service date | E4: Received date | F4: Days received before service | G4: Billed ($) | H4: Paid ($) | I4: Status
A5: P2086 | B5: CLM1052481 | C5: M104086 | D5: 46005 | E5: 46000 | F5: =D5-E5 -> 5 | G5: 1909.67 | H5: 671.7 | I5: Paid
A6: P2086 | B6: CLM1072164 | C6: M105591 | D6: 46012 | E6: 46011 | F6: =D6-E6 -> 1 | G6: 1337.58 | H6: 631.73 | I6: Paid
A7: P2086 | B7: CLM1006715 | C7: M100553 | D7: 46019 | E7: 46016 | F7: =D7-E7 -> 3 | G7: 1466.26 | H7: 457.36 | I7: Paid
A8: P2086 | B8: CLM1004050 | C8: M100339 | D8: 46026 | E8: 46022 | F8: =D8-E8 -> 4 | G8: 1949.49 | H8: 787.86 | I8: Paid
A9: P2086 | B9: CLM1071042 | C9: M105500 | D9: 46026 | E9: 46025 | F9: =D9-E9 -> 1 | G9: 1602.55 | H9: 0 | I9: Denied
A10: P2086 | B10: CLM1086072 | C10: M106692 | D10: 46033 | E10: 46029 | F10: =D10-E10 -> 4 | G10: 1541.36 | H10: 777.81 | I10: Paid
A11: P2086 | B11: CLM1025174 | C11: M101956 | D11: 46033 | E11: 46030 | F11: =D11-E11 -> 3 | G11: 1428.55 | H11: 590.79 | I11: Paid
A12: P2086 | B12: CLM1002109 | C12: M100183 | D12: 46033 | E12: 46031 | F12: =D12-E12 -> 2 | G12: 1000.89 | H12: 394.75 | I12: Paid
A13: P2086 | B13: CLM1102542 | C13: M107989 | D13: 46033 | E13: 46032 | F13: =D13-E13 -> 1 | G13: 1428.13 | H13: 650.47 | I13: Paid
A14: P2086 | B14: CLM1000927 | C14: M100075 | D14: 46033 | E14: 46032 | F14: =D14-E14 -> 1 | G14: 1653.48 | H14: 774.4 | I14: Paid
A15: P2086 | B15: CLM1011607 | C15: M100928 | D15: 46040 | E15: 46036 | F15: =D15-E15 -> 4 | G15: 1520.09 | H15: 553.78 | I15: Paid
A16: P2086 | B16: CLM1094041 | C16: M107297 | D16: 46040 | E16: 46039 | F16: =D16-E16 -> 1 | G16: 1550.03 | H16: 482.75 | I16: Paid
... A34: P2086 | B34: CLM1002140 | C34: M100185 | D34: 46110 | E34: 46109 | F34: =D34-E34 -> 1 | G34: 1044.69 | H34: 0 | I34: Pending
A35: Total | E35: Claims: | F35: =COUNTA(B5:B34) -> 30 | G35: =SUM(G5:G34) -> 40991.03 | H35: =SUM(H5:H34) -> 15426.98

Sheet Units Detail
A1: P2086: units billed per line vs similar providers
A2: Peers = other providers in the same peer group (11 - Office). Procedures with at least 5 lines. A ratio near 1.0 is normal.
A4: Procedure code | B4: Lines (provider) | C4: Avg units (provider) | D4: Lines (peers) | E4: Avg units (peers) | F4: Units ratio (x)
A5: 97110 | B5: 143 | C5: 7.013986 | D5: 779 | E5: 3.0077022 | F5: =IFERROR(C5/E5,"") -> 2.3320082
A6: 97140 | B6: 143 | C6: 1.5244755 | D6: 779 | E6: 1.5019255 | F6: =IFERROR(C6/E6,"") -> 1.015014
A7: 97161 | B7: 24 | C7: 1 | D7: 122 | E7: 1 | F7: =IFERROR(C7/E7,"") -> 1

Sheet Duplicates
A1: Possible duplicate billing
A2: Claims with the same member, provider, service date and diagnosis. Some may be legitimate (for example a same-day follow-up). Copy 2 and later are counted as extra copies.
A4: Provider ID | B4: Member ID | C4: Service date | D4: Diagnosis | E4: Claim ID | F4: Billed ($) | G4: Paid ($) | H4: Status | I4: Set | J4: Copy no. | K4: Extra copy (1 = yes)
A5: P2064 | B5: M100259 | C5: 46006 | D5: J06.9 | E5: CLM1003124 | F5: 579.11 | G5: 250.89 | H5: Paid | I5: 1 | J5: 1 | K5: =IF(J5>1,1,0) -> 0
A6: P2064 | B6: M100259 | C6: 46006 | D6: J06.9 | E6: CLM1003126 | F6: 552.31 | G6: 188.67 | H6: Paid | I6: 1 | J6: 2 | K6: =IF(J6>1,1,0) -> 1
A7: P2104 | B7: M100936 | C7: 46020 | D7: Z00.00 | E7: CLM1011714 | F7: 1282.73 | G7: 676.87 | H7: Paid | I7: 2 | J7: 1 | K7: =IF(J7>1,1,0) -> 0
A8: P2104 | B8: M100936 | C8: 46020 | D8: Z00.00 | E8: CLM1103927 | F8: 1090.91 | G8: 707.39 | H8: Paid | I8: 2 | J8: 2 | K8: =IF(J8>1,1,0) -> 1
A9: P2104 | B9: M101356 | C9: 46006 | D9: U07.1 | E9: CLM1017238 | F9: 297.11 | G9: 118.29 | H9: Paid | I9: 3 | J9: 1 | K9: =IF(J9>1,1,0) -> 0
A10: P2104 | B10: M101356 | C10: 46006 | D10: U07.1 | E10: CLM1103869 | F10: 338.56 | G10: 121.64 | H10: Paid | I10: 3 | J10: 2 | K10: =IF(J10>1,1,0) -> 1
A11: P2104 | B11: M101821 | C11: 46062 | D11: N18.30 | E11: CLM1023197 | F11: 599.63 | G11: 214.92 | H11: Paid | I11: 4 | J11: 1 | K11: =IF(J11>1,1,0) -> 0
A12: P2104 | B12: M101821 | C12: 46062 | D12: N18.30 | E12: CLM1103892 | F12: 563.95 | G12: 0 | H12: Denied | I12: 4 | J12: 2 | K12: =IF(J12>1,1,0) -> 1
A13: P2008 | B13: M102324 | C13: 46029 | D13: Z00.00 | E13: CLM1029875 | F13: 1363.69 | G13: 667.11 | H13: Paid | I13: 5 | J13: 1 | K13: =IF(J13>1,1,0) -> 0
A14: P2008 | B14: M102324 | C14: 46029 | D14: Z00.00 | E14: CLM1029876 | F14: 1143.3 | G14: 708.84 | H14: Paid | I14: 5 | J14: 2 | K14: =IF(J14>1,1,0) -> 1
A15: P2093 | B15: M103314 | C15: 46076 | D15: J06.9 | E15: CLM1042930 | F15: 237.69 | G15: 104.21 | H15: Paid | I15: 6 | J15: 1 | K15: =IF(J15>1,1,0) -> 0
A16: P2093 | B16: M103314 | C16: 46076 | D16: J06.9 | E16: CLM1042933 | F16: 235.38 | G16: 105.64 | H16: Paid | I16: 6 | J16: 2 | K16: =IF(J16>1,1,0) -> 1
... A32: P2104 | B32: M107770 | C32: 46020 | D32: J10.1 | E32: CLM1103910 | F32: 527.01 | G32: 223.15 | H32: Paid | I32: 14 | J32: 2 | K32: =IF(J32>1,1,0) -> 1
A33: Total | F33: =SUM(F5:F32) -> 19612.48 | G33: =SUM(G5:G32) -> 7350.82 | K33: =SUM(K5:K32) -> 14

Sheet Pricing Detail
A1: P2174: billed and allowed price per unit vs other providers in the same peer group
A2: Paid claims only. Peers = other providers in 22 - Outpatient Hospital. Billed price is far above peers, but allowed (contract) price is about the same or lower, so the plan is not paying more.
A4: Procedure code | B4: Lines (provider) | C4: Billed per unit (provider, $) | D4: Billed per unit (peers, $) | E4: Billed ratio (x) | F4: Allowed per unit (provider, $) | G4: Allowed per unit (peers, $) | H4: Allowed ratio (x)
A5: 71046 | B5: 13 | C5: 407.50769 | D5: 142.32896 | E5: =IFERROR(C5/D5,"") -> 2.8631397 | F5: 66.943077 | G5: 74.83513 | H5: =IFERROR(F5/G5,"") -> 0.8945408
A6: 73721 | B6: 7 | C6: 3539.08 | D6: 1229.557 | E6: =IFERROR(C6/D6,"") -> 2.8783375 | F6: 572.35714 | G6: 638.83412 | H6: =IFERROR(F6/G6,"") -> 0.89594015
A7: 74177 | B7: 6 | C7: 4903.2517 | D7: 1629.0428 | E7: =IFERROR(C7/D7,"") -> 3.0098974 | F7: 763.225 | G7: 877.26625 | H7: =IFERROR(F7/G7,"") -> 0.87000383
A8: 70553 | B8: 3 | C8: 5752.4 | D8: 1989.6443 | E8: =IFERROR(C8/D8,"") -> 2.89117 | F8: 936.98667 | G8: 1038.2146 | H8: =IFERROR(F8/G8,"") -> 0.9024981
A9: 77067 | B9: 2 | C9: 2033.69 | D9: 651.05941 | E9: =IFERROR(C9/D9,"") -> 3.1236627 | F9: 311.035 | G9: 346.03082 | H9: =IFERROR(F9/G9,"") -> 0.89886501

Sheet Denial Detail
A1: Providers with a very high denial rate
A2: Count of denied claims by denial code (claims in the provider's main place of service, adjusted claims excluded). Check the meaning of each code in the denial codes reference table.
A4: Provider ID | B4: Claims | C4: Denied claims | D4: Denial rate | E4: COD01 | F4: INF01 | G4: NCV01 | H4: OON01 | I4: TF01 | J4: Check: codes total
A5: P2210 | B5: 29 | C5: =SUM(E5:I5) -> 22 | D5: =IFERROR(C5/B5,"") -> 0.75862069 | E5: 0 | F5: 0 | G5: 0 | H5: 22 | I5: 0 | J5: =C5-SUM(E5:I5) -> 0
A6: P2134 | B6: 33 | C6: =SUM(E6:I6) -> 23 | D6: =IFERROR(C6/B6,"") -> 0.6969697 | E6: 0 | F6: 0 | G6: 2 | H6: 21 | I6: 0 | J6: =C6-SUM(E6:I6) -> 0
A7: P2140 | B7: 78 | C7: =SUM(E7:I7) -> 49 | D7: =IFERROR(C7/B7,"") -> 0.62820513 | E7: 0 | F7: 0 | G7: 1 | H7: 48 | I7: 0 | J7: =C7-SUM(E7:I7) -> 0
A8: P2103 | B8: 55 | C8: =SUM(E8:I8) -> 33 | D8: =IFERROR(C8/B8,"") -> 0.6 | E8: 0 | F8: 0 | G8: 1 | H8: 31 | I8: 1 | J8: =C8-SUM(E8:I8) -> 0
A9: P2119 | B9: 24 | C9: =SUM(E9:I9) -> 14 | D9: =IFERROR(C9/B9,"") -> 0.58333333 | E9: 0 | F9: 1 | G9: 0 | H9: 13 | I9: 0 | J9: =C9-SUM(E9:I9) -> 0
A10: P2144 | B10: 70 | C10: =SUM(E10:I10) -> 39 | D10: =IFERROR(C10/B10,"") -> 0.55714286 | E10: 1 | F10: 0 | G10: 3 | H10: 35 | I10: 0 | J10: =C10-SUM(E10:I10) -> 0
A11: P2006 | B11: 85 | C11: =SUM(E11:I11) -> 47 | D11: =IFERROR(C11/B11,"") -> 0.55294118 | E11: 2 | F11: 1 | G11: 2 | H11: 42 | I11: 0 | J11: =C11-SUM(E11:I11) -> 0
